{
    "prepare_queue": {
        "installed": [],
        "uninstalled": []
    },
    "config_munge": {
        "files": {}
    },
    "installed_plugins": {
        "in.edelworks.sharedpreferences": {
            "PACKAGE_NAME": "com.canewsapp.myapp"
        },
        "cordova-plugin-whitelist": {
            "PACKAGE_NAME": "com.canewsapp.myapp"
        }
    },
    "dependent_plugins": {},
    "modules": [
        {
            "id": "in.edelworks.sharedpreferences.SharedPreferences",
            "file": "plugins/in.edelworks.sharedpreferences/www/sharedpreferences.js",
            "pluginId": "in.edelworks.sharedpreferences",
            "clobbers": [
                "sharedpreferences"
            ]
        }
    ],
    "plugin_metadata": {
        "in.edelworks.sharedpreferences": "0.1.0",
        "cordova-plugin-whitelist": "1.3.2"
    }
}